#E,eV        Sig,b        Interpolation
 3.80000000e+07 0.000016 Lin-Lin
 4.00000000e+07 0.000023 Lin-Lin
 4.20000000e+07 0.000026 Lin-Lin
 4.40000000e+07 0.000030 Lin-Lin
 4.60000000e+07 0.000032 Lin-Lin
 4.80000000e+07 0.000031 Lin-Lin
 5.00000000e+07 0.000031 Lin-Lin
 5.20000000e+07 0.000030 Lin-Lin
 5.60000000e+07 0.000027 Lin-Lin
 5.80000000e+07 0.000025 Lin-Lin
 6.00000000e+07 0.000023 Lin-Lin
 6.00000000e+07 0.000000 Lin-Lin
 2.00000000e+08 0.000000 Lin-Lin